Model,Train_Accuracy,Val_Accuracy,Val_Precision,Val_Recall,Val_F1,Val_ROC_AUC,Val_Avg_Precision,Training_Time
XGBoost (Tuned),0.7664169520547945,0.7661728711293261,0.6702269470456893,0.7547237076648842,0.7099700818116831,0.837518320563441,0.7646138586524887,104.7575044631958
Logistic Regression,0.760052796803653,0.7630066029143898,0.6625778847874538,0.764199268224036,0.7097696141647206,0.8369623322008025,0.7605113133022203,15.690011024475098
LightGBM,0.7709902968036529,0.7652763547358834,0.6691095639428362,0.7537667698658411,0.7089197321168592,0.8362610562300805,0.7628650537388992,3.178129196166992
XGBoost,0.7758918378995434,0.7645363729508197,0.6682770799320294,0.7526784876630078,0.7079711615675823,0.834885546599485,0.7610442986266882,2.8768422603607178
Random Forest (Tuned),0.7937071917808219,0.7672472677595629,0.6756498438326706,0.7427901304062294,0.7076309815347764,0.8345044510945797,0.7596106778231471,682.4860713481903
Random Forest,0.8313855593607306,0.7673824567395264,0.6826612760222719,0.7223566938737217,0.7019482354657258,0.8308692047210362,0.7526896950647112,10.37952971458435
Gradient Boosting,0.7798587328767124,0.7745261270491803,0.7238499792789059,0.6554648653719861,0.6879621879769583,0.8373039388780077,0.7636754131547203,103.59698367118835
Decision Tree,0.7884061073059361,0.7324396630236795,0.6254015951920464,0.7341589267285862,0.675430268086796,0.7931439773071001,0.6927803255506388,2.6341516971588135
