{
  "B08": {
    "mean": 321.8968200683594,
    "std": 19.193302154541016
  },
  "B10": {
    "mean": 321.2478332519531,
    "std": 23.632604598999023
  },
  "B13": {
    "mean": 320.2023620605469,
    "std": 21.197546005249023
  }
}